Reaction,Min,Max
APRTO2,0.0,0.0
ARD1,0.0,0.0
ARMT,0.0,0.0
ASPO2,0.0,0.0
BAMPPALDOXm,0.0,0.0
CYSLYSL,0.0,0.0
CYSTAm,0.0,0.0
DARGOp,0.0,0.0
DKMPPD2,0.0,0.0
DNAMTn,0.0,0.0
DORNOp,0.0,0.0
DPROOp,0.0,0.0
EHGLAT,0.0,0.0
GapFill-R10466,0.0,0.0
HEXGLYc,0.0,0.0
HISTASE,0.0,0.0
HMR_4072,0.0,0.0
HMR_5336,0.0,0.0
HMR_5388,0.0,0.0
HMR_6939,0.0,0.0
HMR_8608,0.0,0.0
IMACTD,0.0,0.0
IMACTD_m,0.0,0.0
LCYSTATm,0.0,0.0
NABTNO,0.0,0.0
NABTNOm,0.0,0.0
PPIOGLYc,0.0,0.0
PROAKGOX1r,0.0,0.0
PRPNCOAHYDx,0.0,0.0
PTRCAT1,0.0,0.0
RE1933C,0.0,0.0
RE2030M,0.0,0.0
RE2031M,0.0,0.0
RE2081C,0.0,0.0
RE2111M,0.0,0.0
RE2117M,0.0,0.0
RE2156M,0.0,0.0
RE2223M,0.0,0.0
RE2640C,0.0,0.0
RE2642C,0.0,0.0
RE3629C,0.0,0.0
RE3631C,0.0,0.0
RE3633C,0.0,0.0
SLDxm,0.0,0.0
TIGGLYc,0.0,0.0
r0001,0.0,0.0
ACNAO,0.0,0.0
AGPRim,0.0,0.0
CTPCNCT,0.0,0.0
GDPGPH,0.0,0.0
GLYAMDTR,0.0,0.0
HMR_9799,0.0,0.0
HMR_9800,0.0,0.0
HPI,0.0,0.0
PGLYCP,0.0,0.0
RE0689X,0.0,0.0
RE0690X,0.0,0.0
RE0828X,0.0,0.0
RE1235C,0.0,0.0
RE1236C,0.0,0.0
RE1238X,0.0,0.0
RE1537X,0.0,0.0
RE1538X,0.0,0.0
RE1539X,0.0,0.0
RE2032M,0.0,0.0
RE2034C,0.0,0.0
RE2040C,0.0,0.0
RE2041C,0.0,0.0
RE2333C,0.0,0.0
RE2334C,0.0,0.0
RE2335C,0.0,0.0
RE2644C,0.0,0.0
RE3367X,0.0,0.0
HMGCOARr,0.0,0.0
HMGLr,0.0,0.0
HMR_1536,0.0,0.0
HMR_1538,0.0,0.0
HMR_1539,0.0,0.0
HMR_1540,0.0,0.0
HMR_1543,0.0,0.0
HMR_1544,0.0,0.0
HMR_1545,0.0,0.0
HMR_1546,0.0,0.0
HMR_1547,0.0,0.0
HMR_1548,0.0,0.0
HMR_1549,0.0,0.0
HMR_1550,0.0,0.0
HMR_1551,0.0,0.0
HMR_1552,0.0,0.0
HMR_3538,0.0,0.0
HMR_3539,0.0,0.0
HMR_3540,0.0,0.0
HMR_3541,0.0,0.0
HMR_3542,0.0,0.0
HMR_3543,0.0,0.0
HMR_3544,0.0,0.0
HMR_3546,0.0,0.0
HMR_3547,0.0,0.0
HMR_3548,0.0,0.0
HMR_3549,0.0,0.0
HMR_3550,0.0,0.0
HMR_3553,0.0,0.0
HMR_3555,0.0,0.0
HMR_3556,0.0,0.0
HMR_3557,0.0,0.0
HMR_3558,0.0,0.0
HMR_3559,0.0,0.0
HMR_3560,0.0,0.0
HMR_3561,0.0,0.0
HMR_3562,0.0,0.0
HMR_3563,0.0,0.0
HMR_3564,0.0,0.0
HMR_3565,0.0,0.0
HMR_3566,0.0,0.0
HMR_3567,0.0,0.0
HMR_3568,0.0,0.0
HMR_3569,0.0,0.0
HMR_3570,0.0,0.0
HMR_3571,0.0,0.0
HMR_3572,0.0,0.0
HMR_3573,0.0,0.0
HMR_3574,0.0,0.0
HMR_3575,0.0,0.0
HMR_3576,0.0,0.0
HMR_3578,0.0,0.0
HMR_3579,0.0,0.0
HMR_3580,0.0,0.0
HMR_3582,0.0,0.0
HMR_3583,0.0,0.0
HMR_3584,0.0,0.0
HMR_3585,0.0,0.0
HMR_3587,0.0,0.0
HMR_3588,0.0,0.0
HMR_3590,0.0,0.0
HMR_3591,0.0,0.0
HMR_3592,0.0,0.0
HMR_3593,0.0,0.0
HMR_3594,0.0,0.0
HMR_3595,0.0,0.0
HMR_3596,0.0,0.0
HMR_3643,0.0,0.0
HMR_3671,0.0,0.0
HMR_3672,0.0,0.0
HMR_3683,0.0,0.0
HMR_3702,0.0,0.0
HMR_3730,0.0,0.0
HMR_3731,0.0,0.0
HMR_3742,0.0,0.0
RE2220C,0.0,0.0
RE2410N,0.0,0.0
RE3134C,0.0,0.0
RE3134R,0.0,0.0
RE3136C,0.0,0.0
SOAT11r,0.0,0.0
SOAT12r,0.0,0.0
XOLEST181CEH,0.0,0.0
r1180,0.0,0.0
r1184,0.0,0.0
A_MANASE,0.0,0.0
CORE5GTg,0.0,0.0
CORE7GTg,0.0,0.0
CORE8GTg,0.0,0.0
DEDOLP1,0.0,0.0
DEDOLP2,0.0,0.0
DEDOLR,0.0,0.0
DHDDS,0.0,0.0
ENGASE,0.0,0.0
ENGASE2,0.0,0.0
ENMAN1g,0.0,0.0
ENMAN2g,0.0,0.0
ENMAN3g,0.0,0.0
ENMAN4g,0.0,0.0
ENMAN5g,0.0,0.0
ENMAN6g,0.0,0.0
F6T4g,0.0,0.0
F6T5g,0.0,0.0
F6T6g,0.0,0.0
G14N10g,0.0,0.0
G14N11g,0.0,0.0
G14N12g,0.0,0.0
G14N13g,0.0,0.0
G14N14g,0.0,0.0
G14N15g,0.0,0.0
G14N16g,0.0,0.0
G14N17g,0.0,0.0
G14N18g,0.0,0.0
G14N19g,0.0,0.0
G14N1g,0.0,0.0
G14N20g,0.0,0.0
G14N21g,0.0,0.0
G14N2g,0.0,0.0
G14N3g,0.0,0.0
G14N4g,0.0,0.0
G14N5g,0.0,0.0
G14N6g,0.0,0.0
G14N7g,0.0,0.0
G14N8g,0.0,0.0
G14N9g,0.0,0.0
G1M6MASNB1terg,0.0,0.0
G1M7MASNBterg,0.0,0.0
G1M7MASNCterg,0.0,0.0
G1M8MASNterg,0.0,0.0
G2M8MASNterg,0.0,0.0
G3M8MASNterg,0.0,0.0
GGT,0.0,0.0
GLNSP2,0.0,0.0
GNCORE2t,0.0,0.0
HMR_7180,0.0,0.0
HMR_7181,0.0,0.0
HMR_7328,0.0,0.0
HMR_7329,0.0,0.0
M13N14N3T1g,0.0,0.0
M13N14N3T2g,0.0,0.0
M13N14N3T3g,0.0,0.0
M13N14N3T4g,0.0,0.0
M13N4T1g,0.0,0.0
M13N4T2g,0.0,0.0
M13N4T3g,0.0,0.0
M13N4Tg,0.0,0.0
M1613N1614N3T1g,0.0,0.0
M1613N1614N3T2g,0.0,0.0
M1613N3xN3T1g,0.0,0.0
M1613N3xN3T2g,0.0,0.0
M16N1216N3T1g,0.0,0.0
M16N1216N3T2g,0.0,0.0
M16N12N3T1g,0.0,0.0
M16N12N3T2g,0.0,0.0
M16N16N3T1g,0.0,0.0
M16N16N3T2g,0.0,0.0
M16N4Tg,0.0,0.0
M16N6T1g,0.0,0.0
M16N6T2g,0.0,0.0
M16N6T3g,0.0,0.0
M16N6Tg,0.0,0.0
MAN1_6B1er,0.0,0.0
MAN1_7Ber,0.0,0.0
MAN2_6B1er,0.0,0.0
MAN2_7Cer,0.0,0.0
NS26T2g,0.0,0.0
NS26Tg,0.0,0.0
S23TN10g,0.0,0.0
S23TN11g,0.0,0.0
S23TN12g,0.0,0.0
S23TN13g,0.0,0.0
S23TN14g,0.0,0.0
S23TN15g,0.0,0.0
S23TN16g,0.0,0.0
S23TN17g,0.0,0.0
S23TN18g,0.0,0.0
S23TN19g,0.0,0.0
S23TN20g,0.0,0.0
S23TN21g,0.0,0.0
S23TN22g,0.0,0.0
S23TN2g,0.0,0.0
S23TN3g,0.0,0.0
S23TN4g,0.0,0.0
S23TN5g,0.0,0.0
S23TN6g,0.0,0.0
S23TN7g,0.0,0.0
S23TN8g,0.0,0.0
S23TN9g,0.0,0.0
S23Tg,0.0,0.0
SIAASE,0.0,0.0
DOLPOMTr,0.0,0.0
FSERterg,0.0,0.0
G14Tg_1,0.0,0.0
G14Tg_new2,0.0,0.0
G14Tg_new3,0.0,0.0
G14Tg_new4,0.0,0.0
G14Tg_new5,0.0,0.0
GapFill-R03166,0.0,0.0
GDPFPOFTr,0.0,0.0
GNOFGALTg,0.0,0.0
GNOFPGALT2g,0.0,0.0
GNOFPGALTg,0.0,0.0
GNPT,0.0,0.0
GXYLTr,0.0,0.0
HEMELm,0.0,0.0
HMR_4763,0.0,0.0
HMR_4772,0.0,0.0
HMR_5285,0.0,0.0
HMR_5286,0.0,0.0
HMR_5287,0.0,0.0
HMR_5289,0.0,0.0
HMR_5290,0.0,0.0
HMR_7619,0.0,0.0
HMR_7622,0.0,0.0
HMR_7626,0.0,0.0
LARGEg,0.0,0.0
M16N4Tg_new1,0.0,0.0
M16N4Tg_new2,0.0,0.0
MNSERGALTg,0.0,0.0
MSERterg,0.0,0.0
NAGPA,0.0,0.0
OFPGLCNACTg,0.0,0.0
PCOREM3terg,0.0,0.0
POCDPRBTLT2g,0.0,0.0
POCDPRBTLTg,0.0,0.0
POGLCNACTg,0.0,0.0
POGLUTr,0.0,0.0
POMGNGALNTr,0.0,0.0
POMGNT2g,0.0,0.0
POMGNTr,0.0,0.0
POMKr,0.0,0.0
POXYLTg,0.0,0.0
RBT5PCYTr,0.0,0.0
RE3051C,0.0,0.0
S16Tg_1,0.0,0.0
ST6GALGNFTg,0.0,0.0
TRPTYRTYRr,0.0,0.0
TRPVALASPr,0.0,0.0
UPDGOFUCBGTr,0.0,0.0
VALHISASNr,0.0,0.0
VALLEUPHEr,0.0,0.0
VALPHEARGr,0.0,0.0
VALPROTRPr,0.0,0.0
VALSERARGr,0.0,0.0
VALTRPPHEr,0.0,0.0
34HPPYRI,0.0,0.0
5HOXINDACTOXm,0.0,0.0
5HOXINDACTtm,0.0,0.0
ACSRTNMT,0.0,0.0
ALDD20xm,0.0,0.0
DACGST,0.0,0.0
DOPASULT4,0.0,0.0
FUMAH,0.0,0.0
GRXR,0.0,0.0
HMR_4227,0.0,0.0
HMR_4549,0.0,0.0
HMR_4556,0.0,0.0
HMR_6711,0.0,0.0
HMR_6727,0.0,0.0
HMR_6757,0.0,0.0
HMR_6813,0.0,0.0
HMR_6827,0.0,0.0
HMR_6835,0.0,0.0
HMR_6840,0.0,0.0
HMR_6841,0.0,0.0
HMR_6844,0.0,0.0
HMR_6848,0.0,0.0
HMR_6849,0.0,0.0
HMR_6855,0.0,0.0
NADPQNOXR,0.0,0.0
NADQNOXR,0.0,0.0
PHACCOAGLYACm,0.0,0.0
RE0549C,0.0,0.0
RE0908G,0.0,0.0
RE0908R,0.0,0.0
RE0916G,0.0,0.0
RE0916R,0.0,0.0
RE0918G,0.0,0.0
RE0918R,0.0,0.0
RE0919C,0.0,0.0
RE0919R,0.0,0.0
RE0920C,0.0,0.0
RE0920R,0.0,0.0
RE0921C,0.0,0.0
RE0921R,0.0,0.0
RE0922C,0.0,0.0
RE0922R,0.0,0.0
RE0923C,0.0,0.0
RE0923R,0.0,0.0
RE0924C,0.0,0.0
RE0924R,0.0,0.0
RE0925C,0.0,0.0
RE0925R,0.0,0.0
RE0927C,0.0,0.0
RE0927R,0.0,0.0
RE0928C,0.0,0.0
RE0928R,0.0,0.0
RE1651C,0.0,0.0
RE1653C,0.0,0.0
RE1711M,0.0,0.0
RE1916X,0.0,0.0
RE1919C,0.0,0.0
RE1920C,0.0,0.0
RE1921C,0.0,0.0
RE1922C,0.0,0.0
RE1927C,0.0,0.0
RE2049C,0.0,0.0
RE2122C,0.0,0.0
RE2124C,0.0,0.0
RE2128C,0.0,0.0
RE2129C,0.0,0.0
RE2130C,0.0,0.0
RE2131C,0.0,0.0
RE2132C,0.0,0.0
RE2133C,0.0,0.0
RE2296X,0.0,0.0
RE2384C,0.0,0.0
RE2440C,0.0,0.0
RE2442C,0.0,0.0
RE2443C,0.0,0.0
RE2443M,0.0,0.0
RE2476C,0.0,0.0
RE2477C,0.0,0.0
RE2520C,0.0,0.0
RE2521C,0.0,0.0
RE2522C,0.0,0.0
RE2522X,0.0,0.0
RE2523C,0.0,0.0
RE2523X,0.0,0.0
RE2524C,0.0,0.0
RE2524X,0.0,0.0
RE2525C,0.0,0.0
RE2525X,0.0,0.0
RE2594C,0.0,0.0
RE2596C,0.0,0.0
RE3095L,0.0,0.0
RE3095X,0.0,0.0
RE3201C,0.0,0.0
RE3233C,0.0,0.0
RE3233G,0.0,0.0
RE3233L,0.0,0.0
RE3263C,0.0,0.0
RN0013C,0.0,0.0
RN0014R,0.0,0.0
SRTNACT,0.0,0.0
SRTNMTX,0.0,0.0
TYRDHINDOX,0.0,0.0
VANILPYRc,0.0,0.0
34DHPHAte,0.0,0.0
3HBCOARtc,0.0,0.0
3OHGLUTACOAT3t,0.0,0.0
4MPTNLtr,0.0,0.0
5G2OXPTtx,0.0,0.0
ABUTt2rL,0.0,0.0
ACALDtr,0.0,0.0
ACtg,0.0,0.0
ADEtl,0.0,0.0
AGPex,0.0,0.0
AGRMte,0.0,0.0
AHANDROSTANGLCte,0.0,0.0
AHANDROSTANGLCtr,0.0,0.0
AHANDROSTANte,0.0,0.0
AHCYStn,0.0,0.0
ALAARGCYSt,0.0,0.0
ALAARGGLYt,0.0,0.0
ALAASNLEUt,0.0,0.0
ALAGLYLYSt,0.0,0.0
ALAHISALAt,0.0,0.0
ALALYSTHRt,0.0,0.0
ALAt2rL,0.0,0.0
ALLTTtm,0.0,0.0
AMETtn,0.0,0.0
AMPtr,0.0,0.0
AQCOBALt,0.0,0.0
ARGALAALAt,0.0,0.0
ARGALAPHEt,0.0,0.0
ARGALATHRt,0.0,0.0
ARGARGLYSt,0.0,0.0
ARGARGMETt,0.0,0.0
ARGARGt,0.0,0.0
ARGCYSGLYt,0.0,0.0
ARGCYSSERt,0.0,0.0
ARGGLUGLUt,0.0,0.0
ARGGLUPROt,0.0,0.0
ARGGLYGLYt,0.0,0.0
ARGHISTHRt,0.0,0.0
ARGLEUPHEt,0.0,0.0
ARGLYSASPt,0.0,0.0
ARGPHEARGt,0.0,0.0
ARGPROMETt,0.0,0.0
ARGPROTHRt,0.0,0.0
ARGSERSERt,0.0,0.0
ARGTYRVALt,0.0,0.0
ARGVALCYSt,0.0,0.0
ARGVALTRPt,0.0,0.0
ARG_Dtx,0.0,0.0
ARGt7l,0.0,0.0
ASNASNARGt,0.0,0.0
ASNCYSCYSt,0.0,0.0
ASNMETPROt,0.0,0.0
ASNPHEASPt,0.0,0.0
ASNPHECYSt,0.0,0.0
ASNTYRGLYt,0.0,0.0
ASNTYRPHEt,0.0,0.0
ASNTYRTHRt,0.0,0.0
ASNt7l,0.0,0.0
ASPALAARGt,0.0,0.0
ASPASNGLUt,0.0,0.0
ASPGLUPROt,0.0,0.0
ASPGLUTRPt,0.0,0.0
ASPGLUt,0.0,0.0
ASPHISCYSt,0.0,0.0
ASPHISPROt,0.0,0.0
ASPLYSGLUt,0.0,0.0
ASPLYSHISt,0.0,0.0
ASPMETASPt,0.0,0.0
ASPPROLYSt,0.0,0.0
ASPVALASNt,0.0,0.0
ASPt7l,0.0,0.0
AVITE2t,0.0,0.0
BNZPYRNt,0.0,0.0
BTNt2m,0.0,0.0
BVITEt,0.0,0.0
BZt,0.0,0.0
BZtr,0.0,0.0
C02712te,0.0,0.0
CAATPasg,0.0,0.0
CBL1tm,0.0,0.0
CBL2tm,0.0,0.0
CCA_D3t,0.0,0.0
CCA_D3tm,0.0,0.0
CDPRBTLtg,0.0,0.0
CDPtg,0.0,0.0
CE1273t1,0.0,0.0
CE1918te,0.0,0.0
CE2006te,0.0,0.0
CE2026te,0.0,0.0
CE2537ABCt,0.0,0.0
CE4877te,0.0,0.0
CE4968te,0.0,0.0
CE4970te,0.0,0.0
CO2tn,0.0,0.0
COAtl,0.0,0.0
COKEte,0.0,0.0
COKEtr,0.0,0.0
CRTSLtr,0.0,0.0
CRTSTRNtr,0.0,0.0
CYSASNMETt,0.0,0.0
CYSASPPHEt,0.0,0.0
CYSCYSt,0.0,0.0
CYSGLNMETt,0.0,0.0
CYSGLUHISt,0.0,0.0
CYSGLUTRPt,0.0,0.0
CYSLEUTHRt,0.0,0.0
CYSSERMETt,0.0,0.0
CYSTYRASNt,0.0,0.0
CYSt7l,0.0,0.0
CYTDtl,0.0,0.0
DAG_HSter,0.0,0.0
DALAt2rL,0.0,0.0
DARGt2r,0.0,0.0
DDRxns043,0.0,0.0
DDRxns045,0.0,0.0
DDRxns063,0.0,0.0
DDRxns081,0.0,0.0
DDRxns082,0.0,0.0
DDRxns150,0.0,0.0
DHDASCBtm,0.0,0.0
DHEAStr,0.0,0.0
DOCASTRICOAtr,0.0,0.0
D_LACtm,0.0,0.0
EDRxns037,0.0,0.0
EDRxns039,0.0,0.0
EICOSTRICOAtr,0.0,0.0
FADtm,0.0,0.0
FE3tm,0.0,0.0
GACPAILter,0.0,0.0
GDPFUCtr,0.0,0.0
GDPMANNtg,0.0,0.0
GDPtr,0.0,0.0
GLCRt1,0.0,0.0
GLNASNGLNt,0.0,0.0
GLNHISHISt,0.0,0.0
GLNHISLYSt,0.0,0.0
GLNLYSLYSt,0.0,0.0
GLNLYSTRPt,0.0,0.0
GLNPROGLUt,0.0,0.0
GLNTRPGLUt,0.0,0.0
GLNTYRLEUt,0.0,0.0
GLNt7l,0.0,0.0
GLUARGLEUt,0.0,0.0
GLUASNLEUt,0.0,0.0
GLUGLUt,0.0,0.0
GLUILELYSt,0.0,0.0
GLULEUt,0.0,0.0
GLUMETHISt,0.0,0.0
GLUMETt,0.0,0.0
GLUTAROAT3t,0.0,0.0
GLUTHRLYSt,0.0,0.0
GLUTHRt,0.0,0.0
GLUTRPALAt,0.0,0.0
GLYHISASNt,0.0,0.0
GLYHISLYSt,0.0,0.0
GLYLYSCYSt,0.0,0.0
GLYLYSPHEt,0.0,0.0
GLYTYRLYSt,0.0,0.0
GLYVALHISt,0.0,0.0
GLYt2rL,0.0,0.0
GMPtr,0.0,0.0
GTHDNBabc,0.0,0.0
HDCA24Gtr,0.0,0.0
HEXDTRtm,0.0,0.0
HISARGCYSt,0.0,0.0
HISARGSERt,0.0,0.0
HISASPt,0.0,0.0
HISCYSCYSt,0.0,0.0
HISGLNALAt,0.0,0.0
HISGLUGLNt,0.0,0.0
HISGLUt,0.0,0.0
HISGLYLYSt,0.0,0.0
HISHISLYSt,0.0,0.0
HISLYSALAt,0.0,0.0
HISLYSGLUt,0.0,0.0
HISLYSILEt,0.0,0.0
HISLYSTHRt,0.0,0.0
HISLYSVALt,0.0,0.0
HISMETGLNt,0.0,0.0
HISMETt,0.0,0.0
HISPHEARGt,0.0,0.0
HISPROLYSt,0.0,0.0
HISTRPHISt,0.0,0.0
HMR_0006,0.0,0.0
HMR_0019,0.0,0.0
HMR_0164,0.0,0.0
HMR_0167,0.0,0.0
HMR_0170,0.0,0.0
HMR_0176,0.0,0.0
HMR_0183,0.0,0.0
HMR_0470,0.0,0.0
HMR_0664,0.0,0.0
HMR_2649,0.0,0.0
HMR_2650,0.0,0.0
HMR_2652,0.0,0.0
HMR_2653,0.0,0.0
HMR_2787,0.0,0.0
HMR_2788,0.0,0.0
HMR_2789,0.0,0.0
HMR_2790,0.0,0.0
HMR_2791,0.0,0.0
HMR_2792,0.0,0.0
HMR_2794,0.0,0.0
HMR_2795,0.0,0.0
HMR_2796,0.0,0.0
HMR_2797,0.0,0.0
HMR_2798,0.0,0.0
HMR_2799,0.0,0.0
HMR_2800,0.0,0.0
HMR_2805,0.0,0.0
HMR_2806,0.0,0.0
HMR_2811,0.0,0.0
HMR_2812,0.0,0.0
HMR_2813,0.0,0.0
HMR_2814,0.0,0.0
HMR_2815,0.0,0.0
HMR_2816,0.0,0.0
HMR_2822,0.0,0.0
HMR_2829,0.0,0.0
HMR_2830,0.0,0.0
HMR_2831,0.0,0.0
HMR_2832,0.0,0.0
HMR_2833,0.0,0.0
HMR_2834,0.0,0.0
HMR_2835,0.0,0.0
HMR_2836,0.0,0.0
HMR_2841,0.0,0.0
HMR_2842,0.0,0.0
HMR_2843,0.0,0.0
HMR_2844,0.0,0.0
HMR_2845,0.0,0.0
HMR_2846,0.0,0.0
HMR_2847,0.0,0.0
HMR_2848,0.0,0.0
HMR_2849,0.0,0.0
HMR_2850,0.0,0.0
HMR_2855,0.0,0.0
HMR_2856,0.0,0.0
HMR_2871,0.0,0.0
HMR_2872,0.0,0.0
HMR_2873,0.0,0.0
HMR_2874,0.0,0.0
HMR_2902,0.0,0.0
HMR_2903,0.0,0.0
HMR_2906,0.0,0.0
HMR_2907,0.0,0.0
HMR_2908,0.0,0.0
HMR_2918,0.0,0.0
HMR_2919,0.0,0.0
HMR_2920,0.0,0.0
HMR_3018,0.0,0.0
HMR_3021,0.0,0.0
HMR_4313,0.0,0.0
HMR_4314,0.0,0.0
HMR_5241,0.0,0.0
HMR_5246,0.0,0.0
HMR_7759,0.0,0.0
HMR_7760,0.0,0.0
HMR_7761,0.0,0.0
HMR_9199,0.0,0.0
HMR_9200,0.0,0.0
HMR_9580,0.0,0.0
HMR_9608,0.0,0.0
HPDECEtm,0.0,0.0
HRETNtn,0.0,0.0
HSPGt,0.0,0.0
HXANtl,0.0,0.0
ILEARGILEt,0.0,0.0
ILEASNHISt,0.0,0.0
ILEASPt,0.0,0.0
ILEGLNGLUt,0.0,0.0
ILEGLYARGt,0.0,0.0
ILEPROLYSt,0.0,0.0
ILESERARGt,0.0,0.0
ILETRPTYRt,0.0,0.0
ILEt7l,0.0,0.0
IND3ACtm,0.0,0.0
INDSt,0.0,0.0
INStl,0.0,0.0
IPDPtr,0.0,0.0
Kt3g,0.0,0.0
LEUALAARGt,0.0,0.0
LEUASNASPt,0.0,0.0
LEUASPLYSt,0.0,0.0
LEULEUTRPt,0.0,0.0
LEUPROARGt,0.0,0.0
LEUPROt,0.0,0.0
LEUSERTRPt,0.0,0.0
LEUTRPARGt,0.0,0.0
LEUTRPt,0.0,0.0
LEUTYRTYRt,0.0,0.0
LEUVALt,0.0,0.0
LEUt7l,0.0,0.0
LIPOti,0.0,0.0
LYSARGLEUt,0.0,0.0
LYSCYSHISt,0.0,0.0
LYSGLNPHEt,0.0,0.0
LYSGLUGLUt,0.0,0.0
LYSLYSLYSt,0.0,0.0
LYSPHEILEt,0.0,0.0
LYSTRPARGt,0.0,0.0
LYSTYRILEt,0.0,0.0
LYSVALPHEt,0.0,0.0
LYSVALTRPt,0.0,0.0
LYSt7l,0.0,0.0
M4MASNt,0.0,0.0
M4MASNtly,0.0,0.0
MEOHtr,0.0,0.0
METARGLEUt,0.0,0.0
METASNTYRt,0.0,0.0
METGLNTYRt,0.0,0.0
METGLYARGt,0.0,0.0
METHISLYSt,0.0,0.0
METMETILEt,0.0,0.0
METPHEARGt,0.0,0.0
METTRPPHEt,0.0,0.0
METt7l,0.0,0.0
METt7l_b,0.0,0.0
MI1346Ptn,0.0,0.0
MLTHFte2,0.0,0.0
N8ASPMDte,0.0,0.0
NIFEDIPINEte,0.0,0.0
NTMELYStner,0.0,0.0
OGLCNACPt,0.0,0.0
ORETNtn,0.0,0.0
ORETNtn2,0.0,0.0
PE_HStg,0.0,0.0
PHEACGLYtm,0.0,0.0
PHEASNMETt,0.0,0.0
PHEASPt,0.0,0.0
PHEGLNPHEt,0.0,0.0
PHELEUASPt,0.0,0.0
PHELEUHISt,0.0,0.0
PHELYSALAt,0.0,0.0
PHELYSPROt,0.0,0.0
PHEPHEASNt,0.0,0.0
PHEPHETHRt,0.0,0.0
PHEPHEt,0.0,0.0
PHEPROARGt,0.0,0.0
PHESERTRPt,0.0,0.0
PHETHRLYSt,0.0,0.0
PHETRPLEUt,0.0,0.0
PHETYRGLNt,0.0,0.0
PHETYRLYSt,0.0,0.0
PHETYRt,0.0,0.0
PHEt7l,0.0,0.0
PPPItn,0.0,0.0
PROARGASPt,0.0,0.0
PROARGCYSt,0.0,0.0
PROASNCYSt,0.0,0.0
PROCYSt,0.0,0.0
PRODt2rL,0.0,0.0
PROGLNPROt,0.0,0.0
PROGLULYSt,0.0,0.0
PROHISTYRt,0.0,0.0
PROHISt,0.0,0.0
PROLEUARGt,0.0,0.0
PROLYSPROt,0.0,0.0
PROPHEt,0.0,0.0
PROPROARGt,0.0,0.0
PROPROPROt,0.0,0.0
PROTRPLYSt,0.0,0.0
PROTRPTHRt,0.0,0.0
PROVALGLNt,0.0,0.0
PROt2rL,0.0,0.0
PYAM5Ptm,0.0,0.0
PYDX5Ptm,0.0,0.0
RAtn,0.0,0.0
RAtn3,0.0,0.0
Rtotaltp,0.0,0.0
SELMETHte,0.0,0.0
SELt4_3,0.0,0.0
SERARGALAt,0.0,0.0
SERARGTRPt,0.0,0.0
SERCYSARGt,0.0,0.0
SERGLYGLUt,0.0,0.0
SERLYSHISt,0.0,0.0
SERPHELYSt,0.0,0.0
SERTRPHISt,0.0,0.0
SERt7l,0.0,0.0
SUCRt2r,0.0,0.0
SameRxns001,0.0,0.0
SameRxns002,0.0,0.0
SameRxns003,0.0,0.0
SameRxns007,0.0,0.0
SameRxns008,0.0,0.0
SameRxns011,0.0,0.0
SameRxns012,0.0,0.0
SameRxns013,0.0,0.0
SameRxns014,0.0,0.0
SameRxns015,0.0,0.0
SameRxns037,0.0,0.0
SameRxns038,0.0,0.0
SameRxns070,0.0,0.0
SameRxns072,0.0,0.0
SameRxns074,0.0,0.0
SameRxns089,0.0,0.0
SameRxns092,0.0,0.0
SameRxns093,0.0,0.0
SameRxns099,0.0,0.0
SameRxns116,0.0,0.0
SameRxns120,0.0,0.0
SameRxns122,0.0,0.0
SameRxns123,0.0,0.0
SameRxns131,0.0,0.0
SameRxns135,0.0,0.0
SameRxns140,0.0,0.0
SameRxns141,0.0,0.0
SameRxns142,0.0,0.0
SameRxns146,0.0,0.0
SameRxns147,0.0,0.0
SameRxns155,0.0,0.0
SameRxns156,0.0,0.0
SameRxns157,0.0,0.0
SameRxns158,0.0,0.0
SameRxns161,0.0,0.0
SameRxns162,0.0,0.0
SameRxns163,0.0,0.0
SameRxns164,0.0,0.0
SameRxns167,0.0,0.0
THRARGTYRt,0.0,0.0
THRASNTYRt,0.0,0.0
THRGLNGLUt,0.0,0.0
THRGLNTYRt,0.0,0.0
THRHISHISt,0.0,0.0
THRILEARGt,0.0,0.0
THRMETARGt,0.0,0.0
THRPHEARGt,0.0,0.0
THRSERARGt,0.0,0.0
THRTHRARGt,0.0,0.0
THRTYRMETt,0.0,0.0
THRt7l,0.0,0.0
TMLYSter,0.0,0.0
TRDOXtm,0.0,0.0
TRPALAPROt,0.0,0.0
TRPARGALAt,0.0,0.0
TRPASPASPt,0.0,0.0
TRPGLNGLNt,0.0,0.0
TRPGLUGLYt,0.0,0.0
TRPGLULEUt,0.0,0.0
TRPGLUPROt,0.0,0.0
TRPGLUTYRt,0.0,0.0
TRPGLYASPt,0.0,0.0
TRPGLYLEUt,0.0,0.0
TRPGLYPHEt,0.0,0.0
TRPGLYVALt,0.0,0.0
TRPHISMETt,0.0,0.0
TRPILELYSt,0.0,0.0
TRPILETRPt,0.0,0.0
TRPLEUVALt,0.0,0.0
TRPLYSt,0.0,0.0
TRPMETARGt,0.0,0.0
TRPMETVALt,0.0,0.0
TRPPHEt,0.0,0.0
TRPPROGLYt,0.0,0.0
TRPPROLEUt,0.0,0.0
TRPPROVALt,0.0,0.0
TRPSERTYRt,0.0,0.0
TRPTHRGLUt,0.0,0.0
TRPTHRILEt,0.0,0.0
TRPTHRTYRt,0.0,0.0
TRPTYRGLNt,0.0,0.0
TRPTYRTYRt,0.0,0.0
TRPVALASPt,0.0,0.0
TRPt7l,0.0,0.0
TYRALAPHEt,0.0,0.0
TYRALAt,0.0,0.0
TYRARGGLUt,0.0,0.0
TYRARGSERt,0.0,0.0
TYRASPARGt,0.0,0.0
TYRCYSGLYt,0.0,0.0
TYRCYSTHRt,0.0,0.0
TYRGLUt,0.0,0.0
TYRLEUARGt,0.0,0.0
TYRPHETYRt,0.0,0.0
TYRTHRt,0.0,0.0
TYRTRPPHEt,0.0,0.0
TYRTYRt,0.0,0.0
TYRVALMETt,0.0,0.0
TYRt7l,0.0,0.0
UDPGALt2g,0.0,0.0
UDPGLCtg,0.0,0.0
UGALNACter,0.0,0.0
VACCl,0.0,0.0
VALHISASNt,0.0,0.0
VALLEUPHEt,0.0,0.0
VALPHEARGt,0.0,0.0
VALPROTRPt,0.0,0.0
VALSERARGt,0.0,0.0
VALTRPPHEt,0.0,0.0
VALt7l,0.0,0.0
VITD2t,0.0,0.0
VITD2tm,0.0,0.0
XOL7AH2tr,0.0,0.0
XOLDIOLONEtm,0.0,0.0
XOLEST181te,0.0,0.0
XOLEST181tl,0.0,0.0
XOLEST182_HSte,0.0,0.0
XOLEST182tl,0.0,0.0
XOLEST204_HSte,0.0,0.0
XOLEST204tl,0.0,0.0
XOLTRIOLtr,0.0,0.0
YVITEt,0.0,0.0
r0937,0.0,0.0
r1067,0.0,0.0
r1129,0.0,0.0
r1159,0.0,0.0
r1436,0.0,0.0
r1437,0.0,0.0
r1441,0.0,0.0
1a_24_25VITD3Hm,0.0,0.0
1a_25VITD3Hm,0.0,0.0
25VITD3Hm,0.0,0.0
CBL2OR,0.0,0.0
CBLATm,0.0,0.0
DOGULND1,0.0,0.0
DOGULND2,0.0,0.0
DOGULNO1,0.0,0.0
DOGULNO2,0.0,0.0
GLACO,0.0,0.0
GLACOm,0.0,0.0
HMR_2132,0.0,0.0
HMR_2139,0.0,0.0
HMR_2140,0.0,0.0
HMR_2142,0.0,0.0
HMR_2143,0.0,0.0
HMR_6432,0.0,0.0
HMR_6433,0.0,0.0
HMR_6435,0.0,0.0
HMR_6436,0.0,0.0
HMR_6441,0.0,0.0
HMR_6442,0.0,0.0
HMR_6450,0.0,0.0
HMR_6451,0.0,0.0
HMR_6453,0.0,0.0
HMR_6471,0.0,0.0
HMR_6472,0.0,0.0
HMR_6473,0.0,0.0
HMR_6484,0.0,0.0
HMR_6486,0.0,0.0
HMR_6634,0.0,0.0
HMR_6635,0.0,0.0
HMR_6636,0.0,0.0
HMR_6637,0.0,0.0
HMR_6639,0.0,0.0
HMR_6648,0.0,0.0
HMR_6653,0.0,0.0
HMR_6655,0.0,0.0
HMR_6656,0.0,0.0
HMR_6671,0.0,0.0
HMR_6682,0.0,0.0
HMR_6684,0.0,0.0
HMR_6686,0.0,0.0
HMR_6701,0.0,0.0
HMR_6702,0.0,0.0
HMR_6703,0.0,0.0
HMR_6704,0.0,0.0
HMR_6705,0.0,0.0
HMR_8746,0.0,0.0
HMR_9722,0.0,0.0
LS3,0.0,0.0
ORETNF,0.0,0.0
ORETNF2,0.0,0.0
RAHY,0.0,0.0
RAI4,0.0,0.0
RE1308C,0.0,0.0
RE1308M,0.0,0.0
RE1309C,0.0,0.0
RE1309M,0.0,0.0
RE1310C,0.0,0.0
RE1310M,0.0,0.0
RE1311C,0.0,0.0
RE1311M,0.0,0.0
RE1904C,0.0,0.0
RE1904R,0.0,0.0
RE1905C,0.0,0.0
RE1905R,0.0,0.0
RE1906C,0.0,0.0
RE1906R,0.0,0.0
RE1907C,0.0,0.0
RE1938C,0.0,0.0
RE1938R,0.0,0.0
RE1941C,0.0,0.0
RE1941R,0.0,0.0
RE1942C,0.0,0.0
RE1942R,0.0,0.0
RE1943C,0.0,0.0
RE1943R,0.0,0.0
RE2138C,0.0,0.0
RE2139C,0.0,0.0
RE2140C,0.0,0.0
RE2141C,0.0,0.0
RE2146C,0.0,0.0
RE2146R,0.0,0.0
RE2149C,0.0,0.0
RE2149R,0.0,0.0
RE2151C,0.0,0.0
RE2151R,0.0,0.0
RE2152C,0.0,0.0
RE2202C,0.0,0.0
RE2203C,0.0,0.0
RE2248C,0.0,0.0
RE2249C,0.0,0.0
RE2250C,0.0,0.0
RE2251C,0.0,0.0
RE2252C,0.0,0.0
RE2327C,0.0,0.0
RE2373C,0.0,0.0
RE2375C,0.0,0.0
RE2377C,0.0,0.0
RE2382C,0.0,0.0
RE2382R,0.0,0.0
RE2383C,0.0,0.0
RE2383R,0.0,0.0
RE2387C,0.0,0.0
RE2387R,0.0,0.0
RE2398C,0.0,0.0
RE2398R,0.0,0.0
RE2452C,0.0,0.0
RE2493C,0.0,0.0
RE2533C,0.0,0.0
RE2705C,0.0,0.0
RE2899C,0.0,0.0
RE2948C,0.0,0.0
RE2975C,0.0,0.0
RE2975M,0.0,0.0
RE3144C,0.0,0.0
RE3144M,0.0,0.0
RE3295C,0.0,0.0
RE3370C,0.0,0.0
RE3370R,0.0,0.0
RE3440C,0.0,0.0
RE3440R,0.0,0.0
RE3464C,0.0,0.0
RE3464R,0.0,0.0
RE3636C,0.0,0.0
RETMO,0.0,0.0
RETNCOA,0.0,0.0
TS3,0.0,0.0
VITD2Hm,0.0,0.0
BSORy,0.0,0.0
COKECBESr,0.0,0.0
DBPDLMO,0.0,0.0
DBPDLMOr,0.0,0.0
DBPEPH,0.0,0.0
DBPEPHr,0.0,0.0
DBPEPHx,0.0,0.0
DBPYRMO,0.0,0.0
DBPYRMOr,0.0,0.0
DHDDH,0.0,0.0
DMBADLMO,0.0,0.0
DMBADLMOr,0.0,0.0
DMBAMO,0.0,0.0
DMBAMOr,0.0,0.0
ECGISOr,0.0,0.0
EGMESTr,0.0,0.0
EPOH,0.0,0.0
GapFill-R01153,0.0,0.0
HMR_6992,0.0,0.0
HMR_6993,0.0,0.0
HMR_6994,0.0,0.0
HMR_6995,0.0,0.0
HMR_6996,0.0,0.0
HMR_6998,0.0,0.0
HMR_6999,0.0,0.0
HMR_7000,0.0,0.0
HMR_7002,0.0,0.0
HMR_7003,0.0,0.0
HMR_7005,0.0,0.0
HMR_7013,0.0,0.0
HMR_7014,0.0,0.0
HMR_7017,0.0,0.0
HMR_7018,0.0,0.0
HMR_7019,0.0,0.0
HMR_7020,0.0,0.0
HMR_7022,0.0,0.0
HMR_7023,0.0,0.0
HMR_7025,0.0,0.0
HMR_7026,0.0,0.0
HMR_7027,0.0,0.0
HMR_7028,0.0,0.0
HMR_7029,0.0,0.0
HMR_7030,0.0,0.0
HMR_7033,0.0,0.0
HMR_7035,0.0,0.0
HMR_7036,0.0,0.0
HMR_7038,0.0,0.0
HMR_7039,0.0,0.0
HMR_7040,0.0,0.0
HMR_7041,0.0,0.0
HMR_7042,0.0,0.0
HMR_7044,0.0,0.0
HMR_7048,0.0,0.0
HMR_7050,0.0,0.0
HMR_7051,0.0,0.0
HMR_7052,0.0,0.0
HMR_7053,0.0,0.0
HMR_7054,0.0,0.0
HMR_7055,0.0,0.0
HMR_7056,0.0,0.0
HMR_7057,0.0,0.0
HMR_7058,0.0,0.0
HMR_7059,0.0,0.0
HMR_7060,0.0,0.0
HMR_7061,0.0,0.0
HMR_7065,0.0,0.0
HMR_7066,0.0,0.0
HMR_7078,0.0,0.0
HMR_7079,0.0,0.0
HMR_7080,0.0,0.0
HMR_7081,0.0,0.0
HMR_7082,0.0,0.0
HMR_7083,0.0,0.0
HMR_7084,0.0,0.0
HMR_7088,0.0,0.0
HMR_7089,0.0,0.0
HMR_7091,0.0,0.0
HMR_7092,0.0,0.0
HMR_7093,0.0,0.0
HMR_7096,0.0,0.0
HMR_7097,0.0,0.0
HMR_7099,0.0,0.0
HMR_7100,0.0,0.0
HMR_7145,0.0,0.0
HMR_7146,0.0,0.0
HMR_7147,0.0,0.0
GAUGE-R03189,0.0,0.0
PECGONCOATr,0.0,0.0
PTHPSn,0.0,0.0
RN0020C,0.0,0.0
RN0020R,0.0,0.0
RN0021C,0.0,0.0
RN0022R,0.0,0.0
RN0022X,0.0,0.0
RN0023R,0.0,0.0
RN0023X,0.0,0.0
RN0027C,0.0,0.0
RN0027R,0.0,0.0
RN0028C,0.0,0.0
RN0028R,0.0,0.0
RN0028X,0.0,0.0
RN0029C,0.0,0.0
RN0029R,0.0,0.0
RN0030C,0.0,0.0
RN0030R,0.0,0.0
RN0031C,0.0,0.0
RN0031R,0.0,0.0
RN0031X,0.0,0.0
RN0032C,0.0,0.0
RN0032R,0.0,0.0
SPRn,0.0,0.0
r0121,0.0,0.0
r0709,0.0,0.0
r0776,0.0,0.0
r0778,0.0,0.0
3HAD183n3p,0.0,0.0
3HAD40m,0.0,0.0
3HAPD100m,0.0,0.0
3HAPD120m,0.0,0.0
3HAPD140m,0.0,0.0
3HAPD60m,0.0,0.0
3HAPD80m,0.0,0.0
3HDH183n3p,0.0,0.0
3OAR100m,0.0,0.0
3OAR120m,0.0,0.0
3OAR140m,0.0,0.0
3OAR40m,0.0,0.0
3OAR60m,0.0,0.0
3OAR80m,0.0,0.0
3OAS100m,0.0,0.0
3OAS120m,0.0,0.0
3OAS140m,0.0,0.0
3OAS60m,0.0,0.0
3OAS80m,0.0,0.0
3OHSUBACte,0.0,0.0
3OHSUBACtxc,0.0,0.0
3OHSUBACx,0.0,0.0
3OHSUBCOAx,0.0,0.0
ACACT183n3p,0.0,0.0
ACMAT1m,0.0,0.0
ACOAD163n3p,0.0,0.0
ACOATAm,0.0,0.0
ACOATE120m,0.0,0.0
ACOATE120p,0.0,0.0
ACOATE140m,0.0,0.0
ACOATE160m,0.0,0.0
ACOATE1811m,0.0,0.0
ACOATE1812m,0.0,0.0
ACOATE1831m,0.0,0.0
ACOATE1832m,0.0,0.0
ACOATE184m,0.0,0.0
ACOATE203,0.0,0.0
ACOATE223,0.0,0.0
ACOATE226m,0.0,0.0
C100CPT1,0.0,0.0
C101CPT1,0.0,0.0
C102CPT1,0.0,0.0
C121CPT1,0.0,0.0
C12DCACOT,0.0,0.0
C141ACBP,0.0,0.0
C141CPT1,0.0,0.0
C141OHc,0.0,0.0
C141OHe,0.0,0.0
C142ACBP,0.0,0.0
C142CPT1,0.0,0.0
C142OHc,0.0,0.0
C14825c,0.0,0.0
C161OHc,0.0,0.0
C162ACBP,0.0,0.0
C162OHc,0.0,0.0
C16DCc,0.0,0.0
C181OHc,0.0,0.0
C182OHc,0.0,0.0
C18OHc,0.0,0.0
C81CPT1,0.0,0.0
C81CRN2tm,0.0,0.0
C81CRN2tx,0.0,0.0
DMHPTCRNCPT1,0.0,0.0
EAR100ym,0.0,0.0
EAR120ym,0.0,0.0
EAR140ym,0.0,0.0
EAR40ym,0.0,0.0
EAR60ym,0.0,0.0
EAR80ym,0.0,0.0
EDTXS1,0.0,0.0
EIC21114TRc,0.0,0.0
FA141ACPH,0.0,0.0
FA161ACPH,0.0,0.0
FA181ACPH,0.0,0.0
FA1821ACPH,0.0,0.0
FA1822ACPH,0.0,0.0
FACOAL1811x,0.0,0.0
FACOAL1822x,0.0,0.0
FACOAL2042x,0.0,0.0
FACOAL205x,0.0,0.0
FACOAL2251x,0.0,0.0
FACOAL2252x,0.0,0.0
FACOAL226x,0.0,0.0
FACOAL244_1x,0.0,0.0
FACOAL245_1x,0.0,0.0
FACOAL245_2x,0.0,0.0
FACOAL246_1x,0.0,0.0
FACOAL260x,0.0,0.0
FAE203,0.0,0.0
FAE223,0.0,0.0
FAOXC12DCC10DCx,0.0,0.0
FAOXC12DCTc,0.0,0.0
FAOXC12DCc,0.0,0.0
FAOXC12DCx,0.0,0.0
FAOXC14DCC12DCx,0.0,0.0
FAOXC16DCC14DCx,0.0,0.0
FAOXC16DCr,0.0,0.0
FAOXC16OHC16r,0.0,0.0
FAOXC181C181OHm,0.0,0.0
FAOXC182C182OHm,0.0,0.0
FAOXC22C22DCHYr,0.0,0.0
FAOXC22OHC22r,0.0,0.0
FAOXC5C5DCc,0.0,0.0
FAOXC5OHc,0.0,0.0
FAOXOHC16C16DCc,0.0,0.0
FAOXOHC22C22DCc,0.0,0.0
FAS80ACPxym_L,0.0,0.0
GLUTCOAACBP,0.0,0.0
GapFill-R05190,0.0,0.0
GapFill-R10104,0.0,0.0
HACD203,0.0,0.0
HACD223,0.0,0.0
HDECEACBP,0.0,0.0
HEXDICOAACBP,0.0,0.0
HEXDICOAACBPx,0.0,0.0
HEXDTRm,0.0,0.0
HIVCACBP,0.0,0.0
HMR_0165,0.0,0.0
HMR_0168,0.0,0.0
HMR_0171,0.0,0.0
HMR_0177,0.0,0.0
HMR_0184,0.0,0.0
HMR_0931,0.0,0.0
HMR_0932,0.0,0.0
HMR_0933,0.0,0.0
HMR_0935,0.0,0.0
HMR_0936,0.0,0.0
HMR_0937,0.0,0.0
HMR_0938,0.0,0.0
HMR_0939,0.0,0.0
HMR_0940,0.0,0.0
HMR_0942,0.0,0.0
HMR_0945,0.0,0.0
HMR_0946,0.0,0.0
HMR_0949,0.0,0.0
HMR_0950,0.0,0.0
HMR_0953,0.0,0.0
HMR_0954,0.0,0.0
HMR_0957,0.0,0.0
HMR_0963,0.0,0.0
HMR_0985,0.0,0.0
HMR_0986,0.0,0.0
HMR_0987,0.0,0.0
HMR_0988,0.0,0.0
HMR_0991,0.0,0.0
HMR_0992,0.0,0.0
HMR_0993,0.0,0.0
HMR_0994,0.0,0.0
HMR_0995,0.0,0.0
HMR_0996,0.0,0.0
HMR_0997,0.0,0.0
HMR_0998,0.0,0.0
HMR_0999,0.0,0.0
HMR_1018,0.0,0.0
HMR_1026,0.0,0.0
HMR_1039,0.0,0.0
HMR_1062,0.0,0.0
HMR_1063,0.0,0.0
HMR_1064,0.0,0.0
HMR_1065,0.0,0.0
HMR_1066,0.0,0.0
HMR_1067,0.0,0.0
HMR_1068,0.0,0.0
HMR_1069,0.0,0.0
HMR_1070,0.0,0.0
HMR_1073,0.0,0.0
HMR_1074,0.0,0.0
HMR_1079,0.0,0.0
HMR_2267,0.0,0.0
HMR_2268,0.0,0.0
HMR_2269,0.0,0.0
HMR_2270,0.0,0.0
HMR_2288,0.0,0.0
HMR_2289,0.0,0.0
HMR_2561,0.0,0.0
HMR_2578,0.0,0.0
HMR_2582,0.0,0.0
HMR_2648,0.0,0.0
HMR_2651,0.0,0.0
HMR_3256,0.0,0.0
HMR_3258,0.0,0.0
HMR_3475,0.0,0.0
HOCTDACBP,0.0,0.0
HPDECECOAm,0.0,0.0
HPDECEm,0.0,0.0
HSD203,0.0,0.0
HSD223,0.0,0.0
MCOATAm,0.0,0.0
OCTDEC2ACBP,0.0,0.0
OCTDECCACT,0.0,0.0
OCTDECCPT1,0.0,0.0
OCTDECCPT2,0.0,0.0
PLIPA1A180pp,0.0,0.0
PLIPA2A180pp,0.0,0.0
RE0512C,0.0,0.0
RE0572N,0.0,0.0
RE0573N,0.0,0.0
RE0580L,0.0,0.0
RE0582N,0.0,0.0
RE0583N,0.0,0.0
RE1525C,0.0,0.0
RE1526C,0.0,0.0
RE1527C,0.0,0.0
RE1952C,0.0,0.0
RE1952R,0.0,0.0
RE1952X,0.0,0.0
RE1954C,0.0,0.0
RE1956C,0.0,0.0
RE1956R,0.0,0.0
RE1956X,0.0,0.0
RE2048N,0.0,0.0
RE2048R,0.0,0.0
RE2563C,0.0,0.0
RE2908C,0.0,0.0
RE2909C,0.0,0.0
RE2910C,0.0,0.0
RE2910X,0.0,0.0
RE2915X,0.0,0.0
RE2921X,0.0,0.0
RE2995M,0.0,0.0
RE2995X,0.0,0.0
RE3033C,0.0,0.0
RE3033N,0.0,0.0
RE3033R,0.0,0.0
RE3036C,0.0,0.0
RE3036N,0.0,0.0
RE3038C,0.0,0.0
RE3038N,0.0,0.0
RE3038R,0.0,0.0
RE3038X,0.0,0.0
RE3040C,0.0,0.0
RE3040R,0.0,0.0
RE3040X,0.0,0.0
RE3041C,0.0,0.0
RE3041N,0.0,0.0
RE3044C,0.0,0.0
RE3044N,0.0,0.0
RE3066X,0.0,0.0
RE3072X,0.0,0.0
RE3075C,0.0,0.0
RE3075X,0.0,0.0
RE3079C,0.0,0.0
RE3103C,0.0,0.0
RE3104C,0.0,0.0
RE3123C,0.0,0.0
RE3123R,0.0,0.0
RE3124C,0.0,0.0
RE3124R,0.0,0.0
RE3125C,0.0,0.0
RE3125R,0.0,0.0
RE3126C,0.0,0.0
RE3126R,0.0,0.0
RE3139X,0.0,0.0
RE3147R,0.0,0.0
RE3148C,0.0,0.0
RE3148R,0.0,0.0
RE3150C,0.0,0.0
RE3150R,0.0,0.0
RE3151C,0.0,0.0
RE3152C,0.0,0.0
RE3153C,0.0,0.0
RE3155C,0.0,0.0
RE3248M,0.0,0.0
RE3248X,0.0,0.0
RE3250C,0.0,0.0
RE3250M,0.0,0.0
RE3250X,0.0,0.0
RE3286C,0.0,0.0
RE3286R,0.0,0.0
RE3287C,0.0,0.0
RE3287R,0.0,0.0
RE3288C,0.0,0.0
RE3288R,0.0,0.0
RE3289C,0.0,0.0
RE3289R,0.0,0.0
RE3383M,0.0,0.0
RE3384M,0.0,0.0
RE3385M,0.0,0.0
RE3386M,0.0,0.0
RE3387M,0.0,0.0
RE3388M,0.0,0.0
RE3389M,0.0,0.0
RE3390M,0.0,0.0
RE3391M,0.0,0.0
RE3392M,0.0,0.0
RE3393M,0.0,0.0
RE3394M,0.0,0.0
RE3395M,0.0,0.0
RE3396M,0.0,0.0
RE3397M,0.0,0.0
RE3398M,0.0,0.0
RE3399M,0.0,0.0
RE3400M,0.0,0.0
RE3401M,0.0,0.0
RE3402M,0.0,0.0
RE3403M,0.0,0.0
RE3404M,0.0,0.0
RE3469C,0.0,0.0
RE3470M,0.0,0.0
RE3470X,0.0,0.0
RE3474C,0.0,0.0
RE3474R,0.0,0.0
RE3475N,0.0,0.0
RE3476M,0.0,0.0
RE3476X,0.0,0.0
RE3513N,0.0,0.0
RE3514R,0.0,0.0
RE3518C,0.0,0.0
RE3518R,0.0,0.0
RE3519C,0.0,0.0
RE3519R,0.0,0.0
RE3519X,0.0,0.0
RE3520M,0.0,0.0
RE3520N,0.0,0.0
RE3521C,0.0,0.0
RE3521M,0.0,0.0
RE3521R,0.0,0.0
RE3521X,0.0,0.0
RE3522C,0.0,0.0
RE3522R,0.0,0.0
RE3525M,0.0,0.0
RE3525N,0.0,0.0
RE3525R,0.0,0.0
RE3525X,0.0,0.0
RE3526M,0.0,0.0
RE3526X,0.0,0.0
RE3624X,0.0,0.0
RE3627C,0.0,0.0
TECR203,0.0,0.0
TECR223,0.0,0.0
ALOX12R,0.0,0.0
CBR1,0.0,0.0
HMR_1097,0.0,0.0
HMR_1099,0.0,0.0
HMR_1117,0.0,0.0
HMR_1127,0.0,0.0
HMR_1147,0.0,0.0
HMR_1148,0.0,0.0
HMR_1149,0.0,0.0
HMR_1150,0.0,0.0
HMR_1151,0.0,0.0
HMR_1154,0.0,0.0
HMR_1156,0.0,0.0
HMR_1158,0.0,0.0
HMR_1160,0.0,0.0
HMR_1190,0.0,0.0
HMR_1302,0.0,0.0
HMR_1303,0.0,0.0
HMR_1344,0.0,0.0
HMR_1388,0.0,0.0
HMR_1391,0.0,0.0
HMR_1393,0.0,0.0
P4504F122r,0.0,0.0
P4504F81r,0.0,0.0
PGDIr,0.0,0.0
PGESr,0.0,0.0
RE1077C,0.0,0.0
RE1818C,0.0,0.0
RE1818M,0.0,0.0
RE1818R,0.0,0.0
RE1818X,0.0,0.0
RE1819C,0.0,0.0
RE1819M,0.0,0.0
RE1819X,0.0,0.0
RE1978C,0.0,0.0
RE2050C,0.0,0.0
RE2050R,0.0,0.0
RE2051C,0.0,0.0
RE2051G,0.0,0.0
RE2051R,0.0,0.0
RE2067C,0.0,0.0
RE2068C,0.0,0.0
RE2070C,0.0,0.0
RE2078M,0.0,0.0
RE2080C,0.0,0.0
RE2360C,0.0,0.0
RE2360N,0.0,0.0
RE2958C,0.0,0.0
RE3010R,0.0,0.0
RE3010X,0.0,0.0
RE3011M,0.0,0.0
RE3012M,0.0,0.0
RE3014C,0.0,0.0
RE3015C,0.0,0.0
RE3018C,0.0,0.0
RE3018R,0.0,0.0
RE3019C,0.0,0.0
RE3019R,0.0,0.0
RE3020C,0.0,0.0
RE3020R,0.0,0.0
RE3021C,0.0,0.0
RE3022C,0.0,0.0
RE3307C,0.0,0.0
RE3307M,0.0,0.0
RE3307X,0.0,0.0
RE3308C,0.0,0.0
RE3308M,0.0,0.0
RE3308R,0.0,0.0
RE3308X,0.0,0.0
RE3310C,0.0,0.0
RE3310R,0.0,0.0
RE3334M,0.0,0.0
RE3334X,0.0,0.0
RE3335C,0.0,0.0
RE3335M,0.0,0.0
RE3335R,0.0,0.0
RE3335X,0.0,0.0
RE3336M,0.0,0.0
RE3336X,0.0,0.0
RE3337M,0.0,0.0
RE3337X,0.0,0.0
RE3338C,0.0,0.0
RE3338M,0.0,0.0
RE3338X,0.0,0.0
RE3339C,0.0,0.0
RE3339M,0.0,0.0
RE3339X,0.0,0.0
RE3340C,0.0,0.0
RE3340M,0.0,0.0
RE3340X,0.0,0.0
RE3341M,0.0,0.0
RE3341X,0.0,0.0
RE3342M,0.0,0.0
RE3342X,0.0,0.0
RE3343C,0.0,0.0
RE3343M,0.0,0.0
RE3343X,0.0,0.0
RE3344M,0.0,0.0
RE3344X,0.0,0.0
RE3345C,0.0,0.0
RE3345M,0.0,0.0
RE3345R,0.0,0.0
RE3345X,0.0,0.0
RE3421M,0.0,0.0
RE3422C,0.0,0.0
RE3423C,0.0,0.0
RE3430M,0.0,0.0
RE3430X,0.0,0.0
RE3434R,0.0,0.0
RE3435R,0.0,0.0
RE3436R,0.0,0.0
RE3443M,0.0,0.0
RE3443X,0.0,0.0
RE3444C,0.0,0.0
RE3444M,0.0,0.0
RE3444X,0.0,0.0
RE3445M,0.0,0.0
RE3445X,0.0,0.0
RE3446C,0.0,0.0
RE3446R,0.0,0.0
RE3447M,0.0,0.0
RE3447X,0.0,0.0
RE3448C,0.0,0.0
RE3448M,0.0,0.0
RE3448X,0.0,0.0
RE3485N,0.0,0.0
RE3486C,0.0,0.0
RE3488C,0.0,0.0
RE3488N,0.0,0.0
RE3488R,0.0,0.0
RE3488X,0.0,0.0
RE3490C,0.0,0.0
RE3491C,0.0,0.0
RE3494C,0.0,0.0
RE3495C,0.0,0.0
RE3496N,0.0,0.0
RE3498N,0.0,0.0
RE3498R,0.0,0.0
RE3499C,0.0,0.0
RE3500C,0.0,0.0
RE3500R,0.0,0.0
RE3500X,0.0,0.0
RE3501C,0.0,0.0
RE3501R,0.0,0.0
RE3501X,0.0,0.0
RE3502C,0.0,0.0
RE3502X,0.0,0.0
RE3503C,0.0,0.0
RE3503N,0.0,0.0
RE3506C,0.0,0.0
RE3506R,0.0,0.0
RE3532C,0.0,0.0
RE3532M,0.0,0.0
RE3532R,0.0,0.0
RE3533C,0.0,0.0
RE3533M,0.0,0.0
RE3533R,0.0,0.0
RE3534C,0.0,0.0
RE3534M,0.0,0.0
RE3534R,0.0,0.0
RE3535R,0.0,0.0
RE3536C,0.0,0.0
RE3537C,0.0,0.0
RE3550X,0.0,0.0
RE3551X,0.0,0.0
RE3552X,0.0,0.0
RE3554C,0.0,0.0
RE3554M,0.0,0.0
RE3554R,0.0,0.0
RE3557C,0.0,0.0
RE3557M,0.0,0.0
RE3557R,0.0,0.0
RE3559M,0.0,0.0
RE3559X,0.0,0.0
RE3560C,0.0,0.0
RE3560M,0.0,0.0
RE3560X,0.0,0.0
RE3561M,0.0,0.0
RE3561X,0.0,0.0
RE3562C,0.0,0.0
RE3562M,0.0,0.0
RE3562R,0.0,0.0
RE3562X,0.0,0.0
RE3563M,0.0,0.0
RE3563X,0.0,0.0
RE3564C,0.0,0.0
RE3564M,0.0,0.0
RE3564X,0.0,0.0
RE3570C,0.0,0.0
RE3571C,0.0,0.0
RE3571R,0.0,0.0
RE3572X,0.0,0.0
RE3573X,0.0,0.0
RE3574X,0.0,0.0
RE3575X,0.0,0.0
RE3576X,0.0,0.0
RE3577X,0.0,0.0
RE3578X,0.0,0.0
RE3580X,0.0,0.0
RE3581X,0.0,0.0
RE3582X,0.0,0.0
RE3583X,0.0,0.0
RE3586X,0.0,0.0
RE3587N,0.0,0.0
RE3596C,0.0,0.0
RE3596M,0.0,0.0
RE3596X,0.0,0.0
RE3597M,0.0,0.0
RE3597X,0.0,0.0
ACNAM9PL2,0.0,0.0
CACNAO,0.0,0.0
CACNAO2,0.0,0.0
GBPS,0.0,0.0
GLCAE2g,0.0,0.0
GLCAT6g,0.0,0.0
GLCAT7g,0.0,0.0
GLCAT8g,0.0,0.0
GLCAT9g,0.0,0.0
GLCNACDASg,0.0,0.0
GLCNACT2g,0.0,0.0
GLCNACT3g,0.0,0.0
GLCNACT4g,0.0,0.0
GLCNACT5g,0.0,0.0
GMHEPAT,0.0,0.0
HMR_4318,0.0,0.0
HMR_5395,0.0,0.0
HMR_7698,0.0,0.0
HMR_8585,0.0,0.0
HMR_9727,0.0,0.0
KDNH,0.0,0.0
RE0864C,0.0,0.0
RE0875C,0.0,0.0
RE1508C,0.0,0.0
RE2782C,0.0,0.0
S2T4g,0.0,0.0
S3T1g,0.0,0.0
S3T2g,0.0,0.0
S3T3g,0.0,0.0
S6T25g,0.0,0.0
TRESULT,0.0,0.0
ADPGLC,0.0,0.0
ADPMAN,0.0,0.0
ADPRDPm,0.0,0.0
ADSKn,0.0,0.0
AP4AH1,0.0,0.0
DADNKn,0.0,0.0
DATPDPm,0.0,0.0
DATPDPn,0.0,0.0
DNTP,0.0,0.0
G1PTT,0.0,0.0
HMR_7163,0.0,0.0
NDP10,0.0,0.0
NTD12,0.0,0.0
NTPP11,0.0,0.0
NTPP9,0.0,0.0
PPPPH,0.0,0.0
PpGppP,0.0,0.0
SADTn,0.0,0.0
TDPDRE,0.0,0.0
TDPDRR,0.0,0.0
TDPGDH,0.0,0.0
HMR_1931,0.0,0.0
HMR_1932,0.0,0.0
HMR_1933,0.0,0.0
HMR_1934,0.0,0.0
HMR_1935,0.0,0.0
HMR_1943,0.0,0.0
HMR_1996,0.0,0.0
HMR_2061,0.0,0.0
HMR_2062,0.0,0.0
HMR_2063,0.0,0.0
HMR_2076,0.0,0.0
HMR_2077,0.0,0.0
HMR_2078,0.0,0.0
HMR_2088,0.0,0.0
HMR_2089,0.0,0.0
HMR_2099,0.0,0.0
HMR_2100,0.0,0.0
HMR_6793,0.0,0.0
HMR_6794,0.0,0.0
LEUKTNAA,0.0,0.0
RE1096M,0.0,0.0
RE1099G,0.0,0.0
RE1099L,0.0,0.0
RE1099R,0.0,0.0
RE1100G,0.0,0.0
RE1100L,0.0,0.0
RE1134M,0.0,0.0
RE1135G,0.0,0.0
RE1135L,0.0,0.0
RE1582C,0.0,0.0
RE1582L,0.0,0.0
RE1582R,0.0,0.0
RE1587L,0.0,0.0
RE1587R,0.0,0.0
RE1627C,0.0,0.0
RE1628C,0.0,0.0
RE1629C,0.0,0.0
RE1630R,0.0,0.0
RE1631C,0.0,0.0
RE1635C,0.0,0.0
RE1635M,0.0,0.0
RE1635R,0.0,0.0
RE1635X,0.0,0.0
RE1699C,0.0,0.0
RE1700C,0.0,0.0
RE1701C,0.0,0.0
RE1702C,0.0,0.0
RE1815C,0.0,0.0
RE1815M,0.0,0.0
RE1815R,0.0,0.0
RE1815X,0.0,0.0
RE1816C,0.0,0.0
RE1816M,0.0,0.0
RE1816R,0.0,0.0
RE1816X,0.0,0.0
RE1817C,0.0,0.0
RE1817M,0.0,0.0
RE1817R,0.0,0.0
RE1817X,0.0,0.0
RE2235R,0.0,0.0
RE2318C,0.0,0.0
RE2318M,0.0,0.0
RE2318R,0.0,0.0
RE2318X,0.0,0.0
RE2319C,0.0,0.0
RE2319M,0.0,0.0
RE2319R,0.0,0.0
RE2319X,0.0,0.0
RE2768C,0.0,0.0
RE2768M,0.0,0.0
RE2768R,0.0,0.0
RE3013R,0.0,0.0
RE3111C,0.0,0.0
RE3111M,0.0,0.0
RE3111R,0.0,0.0
RE3218L,0.0,0.0
RE3218R,0.0,0.0
RE3220C,0.0,0.0
RE3220L,0.0,0.0
RE3220R,0.0,0.0
STS1r,0.0,0.0
STS2r,0.0,0.0
STS3r,0.0,0.0
STS4r,0.0,0.0
UGT1A7r,0.0,0.0
GPDDACHOL,0.0,0.0
GapFill-R04311,0.0,0.0
HMR_0001,0.0,0.0
HMR_0002,0.0,0.0
HMR_0003,0.0,0.0
HMR_0005,0.0,0.0
HMR_0463,0.0,0.0
HMR_0468,0.0,0.0
HMR_0486,0.0,0.0
HMR_0487,0.0,0.0
HMR_0488,0.0,0.0
HMR_0489,0.0,0.0
HMR_0490,0.0,0.0
HMR_0491,0.0,0.0
HMR_0492,0.0,0.0
HMR_0495,0.0,0.0
HMR_0496,0.0,0.0
HMR_0497,0.0,0.0
HMR_0498,0.0,0.0
HMR_0500,0.0,0.0
HMR_0501,0.0,0.0
HMR_0503,0.0,0.0
HMR_0504,0.0,0.0
HMR_0505,0.0,0.0
HMR_0506,0.0,0.0
HMR_0507,0.0,0.0
HMR_0508,0.0,0.0
HMR_0509,0.0,0.0
HMR_0510,0.0,0.0
HMR_0511,0.0,0.0
HMR_0512,0.0,0.0
HMR_0513,0.0,0.0
HMR_0514,0.0,0.0
HMR_0515,0.0,0.0
HMR_0516,0.0,0.0
HMR_0517,0.0,0.0
HMR_0518,0.0,0.0
HMR_0519,0.0,0.0
HMR_0520,0.0,0.0
HMR_0521,0.0,0.0
HMR_0522,0.0,0.0
HMR_0523,0.0,0.0
HMR_0524,0.0,0.0
HMR_0525,0.0,0.0
HMR_0526,0.0,0.0
HMR_0527,0.0,0.0
HMR_0528,0.0,0.0
HMR_0529,0.0,0.0
HMR_0530,0.0,0.0
HMR_0531,0.0,0.0
HMR_0532,0.0,0.0
HMR_0533,0.0,0.0
HMR_0535,0.0,0.0
HMR_0536,0.0,0.0
HMR_0538,0.0,0.0
HMR_0539,0.0,0.0
HMR_0540,0.0,0.0
HMR_0541,0.0,0.0
HMR_0542,0.0,0.0
HMR_0543,0.0,0.0
HMR_0544,0.0,0.0
HMR_0579,0.0,0.0
HMR_0580,0.0,0.0
HMR_0581,0.0,0.0
HMR_0582,0.0,0.0
HMR_0586,0.0,0.0
HMR_0588,0.0,0.0
HMR_0589,0.0,0.0
HMR_0590,0.0,0.0
HMR_0591,0.0,0.0
HMR_0592,0.0,0.0
HMR_0594,0.0,0.0
HMR_0599,0.0,0.0
HMR_0600,0.0,0.0
HMR_0602,0.0,0.0
HMR_0605,0.0,0.0
HMR_0607,0.0,0.0
HMR_0613,0.0,0.0
HMR_0615,0.0,0.0
HMR_0616,0.0,0.0
HMR_0632,0.0,0.0
HMR_0643,0.0,0.0
HMR_0644,0.0,0.0
HMR_0645,0.0,0.0
HMR_0646,0.0,0.0
HMR_0665,0.0,0.0
HMR_0668,0.0,0.0
HMR_0670,0.0,0.0
HMR_0671,0.0,0.0
HMR_0674,0.0,0.0
HMR_0675,0.0,0.0
HMR_0676,0.0,0.0
HMR_0677,0.0,0.0
HMR_0681,0.0,0.0
HMR_0682,0.0,0.0
HMR_0683,0.0,0.0
HMR_0684,0.0,0.0
HMR_0703,0.0,0.0
HMR_0705,0.0,0.0
HMR_0706,0.0,0.0
HMR_0708,0.0,0.0
HMR_5254,0.0,0.0
HMR_7594,0.0,0.0
HMR_7602,0.0,0.0
HMR_7604,0.0,0.0
HMR_7605,0.0,0.0
HMR_7606,0.0,0.0
HMR_7607,0.0,0.0
HMR_7610,0.0,0.0
HMR_7614,0.0,0.0
RE0066M,0.0,0.0
RE0066R,0.0,0.0
RE2977C,0.0,0.0
RE3267G,0.0,0.0
RE3267N,0.0,0.0
RE3267R,0.0,0.0
RE3511M,0.0,0.0
RE3511R,0.0,0.0
AGMO,0.0,0.0
ALPAP,0.0,0.0
BGAL2l,0.0,0.0
BMTer,0.0,0.0
GLYC3PGPH,0.0,0.0
GLYC3PIPH,0.0,0.0
GPIMTer,0.0,0.0
H2MTer,0.0,0.0
H3MTer,0.0,0.0
H5MTer,0.0,0.0
H6MTer,0.0,0.0
H7MTer,0.0,0.0
H8MTer,0.0,0.0
HEXAHBl,0.0,0.0
HMR_0792,0.0,0.0
HMR_0812,0.0,0.0
HMR_0813,0.0,0.0
HMR_0814,0.0,0.0
HMR_0834,0.0,0.0
HMR_0840,0.0,0.0
HMR_0856,0.0,0.0
HMR_0857,0.0,0.0
HMR_0861,0.0,0.0
HMR_0862,0.0,0.0
HMR_0863,0.0,0.0
HMR_0866,0.0,0.0
HMR_0871,0.0,0.0
HMR_0880,0.0,0.0
HMR_0881,0.0,0.0
HMR_0882,0.0,0.0
HMR_0883,0.0,0.0
HMR_0884,0.0,0.0
HMR_0886,0.0,0.0
HMR_0887,0.0,0.0
HMR_0888,0.0,0.0
HMR_0891,0.0,0.0
HMR_0893,0.0,0.0
HMR_0894,0.0,0.0
HMR_0895,0.0,0.0
HMR_0896,0.0,0.0
HMR_0897,0.0,0.0
HMR_0902,0.0,0.0
HMR_0904,0.0,0.0
HMR_0905,0.0,0.0
HMR_0906,0.0,0.0
HMR_0908,0.0,0.0
HMR_0909,0.0,0.0
LPS3m,0.0,0.0
RE2717L,0.0,0.0
RE2718C,0.0,0.0
RE2718G,0.0,0.0
RE2722C,0.0,0.0
RE2722G,0.0,0.0
BiGGRxn91,0.0,0.0
CARNMT,0.0,0.0
DMT,0.0,0.0
DNMPPA,0.0,0.0
FCYTOB5OXR,0.0,0.0
FCYTOB5OXRm,0.0,0.0
FCYTOB5OXRy,0.0,0.0
FTMTm,0.0,0.0
GapFill-R02925,0.0,0.0
H2CO3D,0.0,0.0
H2CO3Dm,0.0,0.0
HEXTT,0.0,0.0
HMR_7741,0.0,0.0
HMR_8643,0.0,0.0
HMR_9464,0.0,0.0
HMR_9484,0.0,0.0
HMR_9485,0.0,0.0
HMR_9487,0.0,0.0
HMR_9488,0.0,0.0
HMR_9490,0.0,0.0
HMR_9491,0.0,0.0
HMR_9492,0.0,0.0
HMR_9493,0.0,0.0
HMR_9495,0.0,0.0
HMR_9496,0.0,0.0
HMR_9497,0.0,0.0
HMR_9498,0.0,0.0
HMR_9499,0.0,0.0
HMR_9500,0.0,0.0
HMR_9501,0.0,0.0
HMR_9502,0.0,0.0
HMR_9503,0.0,0.0
HMR_9504,0.0,0.0
HMR_9505,0.0,0.0
HMR_9506,0.0,0.0
HMR_9507,0.0,0.0
HMR_9508,0.0,0.0
HMR_9509,0.0,0.0
HMR_9510,0.0,0.0
HMR_9511,0.0,0.0
HMR_9512,0.0,0.0
HMR_9513,0.0,0.0
HMR_9514,0.0,0.0
HMR_9515,0.0,0.0
HMR_9525,0.0,0.0
HMR_9527,0.0,0.0
HMR_9528,0.0,0.0
HMR_9529,0.0,0.0
HMR_9530,0.0,0.0
HMR_9531,0.0,0.0
HMR_9532,0.0,0.0
HMR_9534,0.0,0.0
HMR_9535,0.0,0.0
HMR_9538,0.0,0.0
HMR_9539,0.0,0.0
HMR_9542,0.0,0.0
HMR_9543,0.0,0.0
HMR_9544,0.0,0.0
HMR_9545,0.0,0.0
HMR_9546,0.0,0.0
HMR_9547,0.0,0.0
HMR_9548,0.0,0.0
HMR_9549,0.0,0.0
HMR_9550,0.0,0.0
HMR_9551,0.0,0.0
HMR_9552,0.0,0.0
HMR_9554,0.0,0.0
HMR_9575,0.0,0.0
HMR_9579,0.0,0.0
HMR_9806,0.0,0.0
INDOXYLF,0.0,0.0
INDSF,0.0,0.0
LIDOMO,0.0,0.0
LIPB,0.0,0.0
LIPS,0.0,0.0
MPOMMM,0.0,0.0
PCSF,0.0,0.0
PPA2m,0.0,0.0
RE1050C,0.0,0.0
RE1050L,0.0,0.0
RE1050N,0.0,0.0
RE1062C,0.0,0.0
RE1062M,0.0,0.0
RE1063C,0.0,0.0
RE1064C,0.0,0.0
RE1240C,0.0,0.0
RE1317C,0.0,0.0
RE1537C,0.0,0.0
RE1538C,0.0,0.0
RE1539C,0.0,0.0
RE1944C,0.0,0.0
RE2127C,0.0,0.0
RE2155R,0.0,0.0
RE2221C,0.0,0.0
RE2221M,0.0,0.0
RE2272C,0.0,0.0
RE2272L,0.0,0.0
RE2304E,0.0,0.0
RE2306C,0.0,0.0
RE2306E,0.0,0.0
RE2444C,0.0,0.0
RE2474C,0.0,0.0
RE2474R,0.0,0.0
RE2514C,0.0,0.0
RE2514L,0.0,0.0
RE2514N,0.0,0.0
RE2526C,0.0,0.0
RE2622C,0.0,0.0
RE2622R,0.0,0.0
RE2848C,0.0,0.0
RE2849C,0.0,0.0
RE2850C,0.0,0.0
RE2851C,0.0,0.0
RE2853C,0.0,0.0
RE2854C,0.0,0.0
RE2856C,0.0,0.0
RE2857C,0.0,0.0
RE2858C,0.0,0.0
RE2859C,0.0,0.0
RE2861C,0.0,0.0
RE2862C,0.0,0.0
RE2863C,0.0,0.0
RE2864C,0.0,0.0
RE2865C,0.0,0.0
RE2866C,0.0,0.0
RE2867C,0.0,0.0
RE2868C,0.0,0.0
RE2869C,0.0,0.0
RE2870C,0.0,0.0
RE2871C,0.0,0.0
RE2872C,0.0,0.0
RE2873C,0.0,0.0
RE2874C,0.0,0.0
RE2875C,0.0,0.0
RE2876C,0.0,0.0
RE2877C,0.0,0.0
RE2878C,0.0,0.0
RE2880C,0.0,0.0
RE3515C,0.0,0.0
RN0002N,0.0,0.0
RN0002R,0.0,0.0
UDPGDC,0.0,0.0
r0267,0.0,0.0
r0268,0.0,0.0
r0400,0.0,0.0
r0598,0.0,0.0
r0610,0.0,0.0
r0611,0.0,0.0
r0800,0.0,0.0
r1135,0.0,0.0
r1173,0.0,0.0
r1176,0.0,0.0
r1178,0.0,0.0
r1185,0.0,0.0
r1186,0.0,0.0
r1187,0.0,0.0
r1188,0.0,0.0
r1189,0.0,0.0
r1190,0.0,0.0
r1319,0.0,0.0
r1320,0.0,0.0
r1321,0.0,0.0
r1322,0.0,0.0
r1323,0.0,0.0
r1324,0.0,0.0
r1325,0.0,0.0
r1326,0.0,0.0
r1327,0.0,0.0
r1328,0.0,0.0
r1329,0.0,0.0
r1332,0.0,0.0
ATAH,0.0,0.0
C2M26DCOAHLm,0.0,0.0
C2M26DCOAHLx,0.0,0.0
GLYOXm,0.0,0.0
GapFill-R03626,0.0,0.0
GapFill-R03945,0.0,0.0
HMR_2438,0.0,0.0
HMR_2441,0.0,0.0
HMR_2456,0.0,0.0
HMR_2457,0.0,0.0
HMR_2458,0.0,0.0
HMR_6397,0.0,0.0
HMR_6399,0.0,0.0
HMR_6400,0.0,0.0
HMR_6401,0.0,0.0
HMR_6402,0.0,0.0
HMR_6403,0.0,0.0
HMR_6404,0.0,0.0
HMR_6601,0.0,0.0
HMR_7166,0.0,0.0
HMR_7168,0.0,0.0
HMR_7170,0.0,0.0
HMR_7625,0.0,0.0
HMR_7677,0.0,0.0
HMR_7678,0.0,0.0
HMR_7744,0.0,0.0
HURH,0.0,0.0
LAPCOAl,0.0,0.0
LCADi_Dm,0.0,0.0
LCADim,0.0,0.0
NMNSn,0.0,0.0
NP1,0.0,0.0
NT5C,0.0,0.0
NTD3l,0.0,0.0
NTD4l,0.0,0.0
NTD6l,0.0,0.0
OHCUS,0.0,0.0
PNTKm,0.0,0.0
PYLALDOX,0.0,0.0
PYLALDOXm,0.0,0.0
RE0456N,0.0,0.0
RE2346C,0.0,0.0
RE2459C,0.0,0.0
RE2813C,0.0,0.0
RE3258C,0.0,0.0
RE3258R,0.0,0.0
RE3259C,0.0,0.0
RE3259R,0.0,0.0
RE3260C,0.0,0.0
RE3260R,0.0,0.0
RE3261C,0.0,0.0
RE3261R,0.0,0.0
RE3264C,0.0,0.0
RE3264R,0.0,0.0
RE3265C,0.0,0.0
RE3265R,0.0,0.0
RE3409C,0.0,0.0
RE3411C,0.0,0.0
RE3413C,0.0,0.0
RE3417C,0.0,0.0
RE3420C,0.0,0.0
T2M26DCOAHLm,0.0,0.0
T2M26DCOAHLx,0.0,0.0
URFGTT,0.0,0.0
3DHCAS,0.0,0.0
3DHCDCAS,0.0,0.0
3DHDCAS,0.0,0.0
3DHLCAS,0.0,0.0
AMACR2r,0.0,0.0
AMACRr,0.0,0.0
BAAT3x,0.0,0.0
CA24GSr,0.0,0.0
CASULT,0.0,0.0
CDCA24GSr,0.0,0.0
CDCA3GSr,0.0,0.0
DCA24GSr,0.0,0.0
DCA3GSr,0.0,0.0
DCASULT,0.0,0.0
GCASULT,0.0,0.0
GCDCASULT,0.0,0.0
GDCASULT,0.0,0.0
GUDCASULT,0.0,0.0
HC02195c,0.0,0.0
HC02196c,0.0,0.0
HCA24GSr,0.0,0.0
HCA6GSr,0.0,0.0
HDCA24GSr,0.0,0.0
HDCA6GSr,0.0,0.0
HMR_1738,0.0,0.0
HMR_1739,0.0,0.0
HMR_1740,0.0,0.0
HMR_1741,0.0,0.0
HMR_1742,0.0,0.0
HMR_1743,0.0,0.0
HMR_1746,0.0,0.0
HMR_1747,0.0,0.0
HMR_1748,0.0,0.0
HMR_1749,0.0,0.0
HMR_1750,0.0,0.0
HMR_1751,0.0,0.0
HMR_1754,0.0,0.0
HMR_1756,0.0,0.0
HMR_1760,0.0,0.0
HMR_1761,0.0,0.0
HMR_1798,0.0,0.0
HMR_1800,0.0,0.0
LCA24GSr,0.0,0.0
LCA3GSr,0.0,0.0
LCASULT,0.0,0.0
RE1806C,0.0,0.0
RE1806R,0.0,0.0
RE1808R,0.0,0.0
RE1809C,0.0,0.0
RE1809R,0.0,0.0
RE1811C,0.0,0.0
RE1811R,0.0,0.0
RE1812C,0.0,0.0
RE1812R,0.0,0.0
RE1827M,0.0,0.0
RE1828C,0.0,0.0
RE1828M,0.0,0.0
RE1829C,0.0,0.0
RE1829M,0.0,0.0
RE1830M,0.0,0.0
RE1835M,0.0,0.0
RE1835X,0.0,0.0
RE1836C,0.0,0.0
RE1836M,0.0,0.0
RE1846X,0.0,0.0
RE2632C,0.0,0.0
RE2632M,0.0,0.0
RE2633C,0.0,0.0
RE2633R,0.0,0.0
RE2635R,0.0,0.0
RE2637X,0.0,0.0
RE2638X,0.0,0.0
RE3346R,0.0,0.0
TCASULT,0.0,0.0
TCDCA6AH,0.0,0.0
TCDCASULT,0.0,0.0
TDCASULT,0.0,0.0
TUDCASULT,0.0,0.0
UDCASULT,0.0,0.0
ACER23g,0.0,0.0
ACER31r,0.0,0.0
ACGPID,0.0,0.0
BGAL3l,0.0,0.0
BGAL4l,0.0,0.0
DES21,0.0,0.0
GPIAT,0.0,0.0
GPIDA2er,0.0,0.0
GPIDAer,0.0,0.0
GapFill-R03354,0.0,0.0
GapFill-R03488,0.0,0.0
H2ETer,0.0,0.0
H3ETer,0.0,0.0
H4ET3er,0.0,0.0
H4ETer,0.0,0.0
H6ET3er,0.0,0.0
H6_ET2er,0.0,0.0
H6_ETer,0.0,0.0
H7ET2er,0.0,0.0
H7_ETer,0.0,0.0
H7_TAer,0.0,0.0
H8TAer,0.0,0.0
HEXA2l,0.0,0.0
HMR_0715,0.0,0.0
HMR_0716,0.0,0.0
HMR_0733,0.0,0.0
HMR_0765,0.0,0.0
HMR_8211,0.0,0.0
M4ATAer,0.0,0.0
M4BET2er,0.0,0.0
M4BTAer,0.0,0.0
M4CET3er,0.0,0.0
NEU38n,0.0,0.0
PHCRMter,0.0,0.0
PHCRMtg,0.0,0.0
PHSPHINGStg,0.0,0.0
PIACGT,0.0,0.0
RE1957G,0.0,0.0
RE2974G,0.0,0.0
RE2974R,0.0,0.0
SGPL11r,0.0,0.0
SGPL12r,0.0,0.0
SMS1S2,0.0,0.0
SPHK11,0.0,0.0
SPHK21n,0.0,0.0
SPHK22n,0.0,0.0
SPMD3n,0.0,0.0
2H3MVc,0.0,0.0
2HIVc,0.0,0.0
3HPRODHx,0.0,0.0
ADSELK,0.0,0.0
AGXT2L2,0.0,0.0
BBHOX,0.0,0.0
DITHYRSULFO,0.0,0.0
DMARG,0.0,0.0
DNAMTSEn,0.0,0.0
DOPAOQCYS,0.0,0.0
GHMT3,0.0,0.0
GHMT3m,0.0,0.0
GapFill-R03511,0.0,0.0
GapFill-R05830,0.0,0.0
HMR_4241,0.0,0.0
HMR_6975,0.0,0.0
HMR_6976,0.0,0.0
HMR_6977,0.0,0.0
HMR_6978,0.0,0.0
HMR_6983,0.0,0.0
HMR_6984,0.0,0.0
HMR_6985,0.0,0.0
HMR_7131,0.0,0.0
HMR_7137,0.0,0.0
HMR_7141,0.0,0.0
LYSMTF1n,0.0,0.0
LYSMTF2n,0.0,0.0
LYSMTF3n,0.0,0.0
MALCH,0.0,0.0
MMCD,0.0,0.0
MMCDp,0.0,0.0
PCLGALTr,0.0,0.0
PCLYSOX,0.0,0.0
PLYSPSer,0.0,0.0
RE1266C,0.0,0.0
RE2292C,0.0,0.0
RE2427M,0.0,0.0
RE2428M,0.0,0.0
RE2429M,0.0,0.0
RE2453M,0.0,0.0
RE2454M,0.0,0.0
RN0001C,0.0,0.0
RN0001R,0.0,0.0
SEAHCYSHYD,0.0,0.0
SEAHCYStn,0.0,0.0
SEASMETtn,0.0,0.0
SELADT,0.0,0.0
SELCYSLY,0.0,0.0
SELCYSTGL,0.0,0.0
SELMETAT,0.0,0.0
TMABADH,0.0,0.0
TMLYSOX,0.0,0.0
2M3OVCOAm,0.0,0.0
BDG2HCGHD,0.0,0.0
GapFill-R04998,0.0,0.0
GapFill-R04999,0.0,0.0
HMR_0663,0.0,0.0
HMR_6568,0.0,0.0
HMR_6573,0.0,0.0
HMR_6574,0.0,0.0
HMR_7185,0.0,0.0
HMR_7186,0.0,0.0
HMR_7187,0.0,0.0
HMR_7188,0.0,0.0
HMR_8378,0.0,0.0
HMR_8395,0.0,0.0
HMR_8397,0.0,0.0
HMR_8399,0.0,0.0
HMR_9804,0.0,0.0
MI1345PKn,0.0,0.0
MI1346PKn,0.0,0.0
MI134PK,0.0,0.0
MI1456PKn,0.0,0.0
MI145P6Kn,0.0,0.0
MI145PKn,0.0,0.0
MI3456PK,0.0,0.0
MICITDr,0.0,0.0
P4503A4,0.0,0.0
PI45PLCn,0.0,0.0
PI4P3Ker,0.0,0.0
PIK3er,0.0,0.0
PTA2,0.0,0.0
RE2973G,0.0,0.0
RE2973R,0.0,0.0
T4HCINNOX,0.0,0.0
AGLPC,0.0,0.0
AGLPED,0.0,0.0
AGLPH,0.0,0.0
AGLPR,0.0,0.0
AGLPT,0.0,0.0
AGPSx,0.0,0.0
CARhPTtc,0.0,0.0
CPCTDTX,0.0,0.0
DAGK160,0.0,0.0
EPCTX,0.0,0.0
HIShPTtc,0.0,0.0
HPETFABP1tc,0.0,0.0
r1092,0.0,0.0
r1093,0.0,0.0
r1094,0.0,0.0
r1095,0.0,0.0
r1096,0.0,0.0
r1097,0.0,0.0
r1098,0.0,0.0
r1099,0.0,0.0
r1100,0.0,0.0
r1101,0.0,0.0
r1103,0.0,0.0
r1104,0.0,0.0
r1105,0.0,0.0
r1112,0.0,0.0
r1293,0.0,0.0
r1294,0.0,0.0
SK_3hpro_LT_x,0.0,0.0
SK_C07535_c,0.0,0.0
DM_gfser_r,0.0,0.0
DM_slnfser_g,0.0,0.0
EX_ahandrostan_e,0.0,0.0
EX_alaarggly_e,0.0,0.0
EX_alaasnleu_e,0.0,0.0
EX_alaglylys_e,0.0,0.0
EX_alahisala_e,0.0,0.0
EX_alalysthr_e,0.0,0.0
EX_argalaala_e,0.0,0.0
EX_argalaphe_e,0.0,0.0
EX_argargmet_e,0.0,0.0
EX_argarg_e,0.0,0.0
EX_argcysgly_e,0.0,0.0
EX_argcysser_e,0.0,0.0
EX_arggluglu_e,0.0,0.0
EX_argglupro_e,0.0,0.0
EX_argglygly_e,0.0,0.0
EX_arghisthr_e,0.0,0.0
EX_arglysasp_e,0.0,0.0
EX_argserser_e,0.0,0.0
EX_argvalcys_e,0.0,0.0
EX_argvaltrp_e,0.0,0.0
EX_asnmetpro_e,0.0,0.0
EX_asnpheasp_e,0.0,0.0
EX_asntyrgly_e,0.0,0.0
EX_aspglupro_e,0.0,0.0
EX_aspglutrp_e,0.0,0.0
EX_aspglu_e,0.0,0.0
EX_asphiscys_e,0.0,0.0
EX_asphispro_e,0.0,0.0
EX_asplysglu_e,0.0,0.0
EX_asplyshis_e,0.0,0.0
EX_aspmetasp_e,0.0,0.0
EX_aspprolys_e,0.0,0.0
EX_aspvalasn_e,0.0,0.0
EX_CE2006_e,0.0,0.0
EX_cysasnmet_e,0.0,0.0
EX_cyscys_e,0.0,0.0
EX_cysglnmet_e,0.0,0.0
EX_cysgluhis_e,0.0,0.0
EX_cysglutrp_e,0.0,0.0
EX_cysleuthr_e,0.0,0.0
EX_cyssermet_e,0.0,0.0
EX_cystyrasn_e,0.0,0.0
EX_glnasngln_e,0.0,0.0
EX_glnhishis_e,0.0,0.0
EX_glnlyslys_e,0.0,0.0
EX_glntrpglu_e,0.0,0.0
EX_glntyrleu_e,0.0,0.0
EX_gluargleu_e,0.0,0.0
EX_gluasnleu_e,0.0,0.0
EX_glumet_e,0.0,0.0
EX_glutar_e,0.0,0.0
EX_gluthrlys_e,0.0,0.0
EX_gluthr_e,0.0,0.0
EX_glutrpala_e,0.0,0.0
EX_glyhisasn_e,0.0,0.0
EX_glyhislys_e,0.0,0.0
EX_glylyscys_e,0.0,0.0
EX_glytyrlys_e,0.0,0.0
EX_glyvalhis_e,0.0,0.0
EX_hisargcys_e,0.0,0.0
EX_hisargser_e,0.0,0.0
EX_hisasp_e,0.0,0.0
EX_hiscyscys_e,0.0,0.0
EX_hisglnala_e,0.0,0.0
EX_hisglugln_e,0.0,0.0
EX_hisglu_e,0.0,0.0
EX_hisglylys_e,0.0,0.0
EX_hishislys_e,0.0,0.0
EX_hislysala_e,0.0,0.0
EX_hislysglu_e,0.0,0.0
EX_hislysile_e,0.0,0.0
EX_hislysthr_e,0.0,0.0
EX_hislysval_e,0.0,0.0
EX_M01570_e,0.0,0.0
EX_M03134_e,0.0,0.0
EX_M03117_e,0.0,0.0
EX_HC02080_e,0.0,0.0
EX_M02382_e,0.0,0.0
EX_ileargile_e,0.0,0.0
EX_ileasp_e,0.0,0.0
EX_ileglnglu_e,0.0,0.0
EX_iletrptyr_e,0.0,0.0
EX_inds_e,0.0,0.0
EX_leuasnasp_e,0.0,0.0
EX_leuproarg_e,0.0,0.0
EX_leupro_e,0.0,0.0
EX_leusertrp_e,0.0,0.0
EX_leutrparg_e,0.0,0.0
EX_leutrp_e,0.0,0.0
EX_lystrparg_e,0.0,0.0
EX_metargleu_e,0.0,0.0
EX_metasntyr_e,0.0,0.0
EX_metglntyr_e,0.0,0.0
EX_methislys_e,0.0,0.0
EX_mettrpphe_e,0.0,0.0
EX_pheasnmet_e,0.0,0.0
EX_pheasp_e,0.0,0.0
EX_pheglnphe_e,0.0,0.0
EX_pheleuasp_e,0.0,0.0
EX_pheleuhis_e,0.0,0.0
EX_phelysala_e,0.0,0.0
EX_phelyspro_e,0.0,0.0
EX_phepheasn_e,0.0,0.0
EX_phephethr_e,0.0,0.0
EX_phephe_e,0.0,0.0
EX_pheproarg_e,0.0,0.0
EX_phesertrp_e,0.0,0.0
EX_phethrlys_e,0.0,0.0
EX_phetrpleu_e,0.0,0.0
EX_phetyrgln_e,0.0,0.0
EX_phetyrlys_e,0.0,0.0
EX_phetyr_e,0.0,0.0
EX_proargasp_e,0.0,0.0
EX_proargcys_e,0.0,0.0
EX_proasncys_e,0.0,0.0
EX_procys_e,0.0,0.0
EX_proglnpro_e,0.0,0.0
EX_proglulys_e,0.0,0.0
EX_prohistyr_e,0.0,0.0
EX_prohis_e,0.0,0.0
EX_proleuarg_e,0.0,0.0
EX_prolyspro_e,0.0,0.0
EX_prophe_e,0.0,0.0
EX_proproarg_e,0.0,0.0
EX_propropro_e,0.0,0.0
EX_provalgln_e,0.0,0.0
EX_selmeth_e,0.0,0.0
EX_serargala_e,0.0,0.0
EX_serargtrp_e,0.0,0.0
EX_sercysarg_e,0.0,0.0
EX_serglyglu_e,0.0,0.0
EX_serlyshis_e,0.0,0.0
EX_serphelys_e,0.0,0.0
EX_sertrphis_e,0.0,0.0
EX_thrglnglu_e,0.0,0.0
EX_trpalapro_e,0.0,0.0
EX_trpargala_e,0.0,0.0
EX_trpaspasp_e,0.0,0.0
EX_trpgluleu_e,0.0,0.0
EX_trpglutyr_e,0.0,0.0
EX_trpglyasp_e,0.0,0.0
EX_trpglyphe_e,0.0,0.0
EX_trpglyval_e,0.0,0.0
EX_trphismet_e,0.0,0.0
EX_trpilelys_e,0.0,0.0
EX_trpiletrp_e,0.0,0.0
EX_trpmetarg_e,0.0,0.0
EX_trpmetval_e,0.0,0.0
EX_trpphe_e,0.0,0.0
EX_trpproval_e,0.0,0.0
EX_trpsertyr_e,0.0,0.0
EX_trpthrglu_e,0.0,0.0
EX_trpthrile_e,0.0,0.0
EX_trpthrtyr_e,0.0,0.0
EX_tyrala_e,0.0,0.0
EX_tyrargglu_e,0.0,0.0
EX_tyrasparg_e,0.0,0.0
EX_tyrleuarg_e,0.0,0.0
EX_tyrphetyr_e,0.0,0.0
EX_adpcbl_e,0.0,0.0
EX_ahandrostanglc_e,0.0,0.0
EX_aqcobal_e,0.0,0.0
EX_arg_D_e,0.0,0.0
EX_avite1_e,0.0,0.0
EX_avite2_e,0.0,0.0
EX_bvite_e,0.0,0.0
EX_bz_e,0.0,0.0
EX_ca2_e,0.0,0.0
EX_cca_d3_e,0.0,0.0
EX_coke_e,0.0,0.0
EX_cu2_e,0.0,0.0
EX_gth24dnb_e,0.0,0.0
EX_HC01787_e,0.0,0.0
EX_HC02194_e,0.0,0.0
EX_HC02195_e,0.0,0.0
EX_HC02196_e,0.0,0.0
EX_HC02199_e,0.0,0.0
EX_HC02200_e,0.0,0.0
EX_HC02201_e,0.0,0.0
EX_HC02208_e,0.0,0.0
EX_HC02210_e,0.0,0.0
EX_HC02214_e,0.0,0.0
EX_HC02216_e,0.0,0.0
EX_HC02217_e,0.0,0.0
EX_k_e,0.0,0.0
EX_lipoate_e,0.0,0.0
EX_lpdmd_e,0.0,0.0
EX_mg2_e,0.0,0.0
EX_na1_e,0.0,0.0
EX_nifedipine_e,0.0,0.0
EX_oh1_e,0.0,0.0
EX_phyQ_e,0.0,0.0
EX_pro_D_e,0.0,0.0
EX_sel_e,0.0,0.0
EX_vitd2_e,0.0,0.0
EX_yvite_e,0.0,0.0
EX_zn2_e,0.0,0.0
EX_CE1273_e,0.0,0.0
EX_CE2537_e,0.0,0.0
EX_CE4877_e,0.0,0.0
EX_M01807_e,0.0,0.0
EX_M00503_e,0.0,0.0
EX_M03147_e,0.0,0.0
